<ADT_GEKID xmlns="http://www.gekid.de/namespace" xmlns:xsi="http://www.w3.org/2001/XMLSchema-instance" Schema_Version="2.1.1" xsi:schemaLocation="http://www.gekid.de/namespace ADT_GEKID_v2.1.1.xsd"><Absender Absender_ID="" Installations_ID="" Software_ID=""><Absender_Bezeichnung/>
    <Absender_Ansprechpartner/>
    <Absender_Anschrift/>
    <Absender_Telefon/>
    <Absender_EMail/>
  </Absender>
  <Menge_Patient><Patient><Patienten_Stammdaten Patient_ID="16525.0"><KrankenversichertenNr>73150040</KrankenversichertenNr>
        <KrankenkassenNr>108310400</KrankenkassenNr>
        <Patienten_Nachname>Boucsein</Patienten_Nachname>
        <Patienten_Vornamen>Lambert</Patienten_Vornamen>
        <Patienten_Geburtsname/>
        <Patienten_Geschlecht>W</Patienten_Geschlecht>
        <Patienten_Geburtsdatum>27.06.2010</Patienten_Geburtsdatum>
        <Menge_Adresse><Adresse><Patienten_Strasse>Ottomar-Drewes-Gasse</Patienten_Strasse>
            <Patienten_Hausnummer>21</Patienten_Hausnummer>
            <Patienten_Land>D</Patienten_Land>
            <Patienten_PLZ>37707</Patienten_PLZ>
            <Patienten_Ort>F&#252;rstenfeldbruck</Patienten_Ort>
          </Adresse>
        </Menge_Adresse>
      </Patienten_Stammdaten>
      <Menge_Laborwert><Laborwert><Laborwert_Typ>C-reaktives Protein (CRP)</Laborwert_Typ><Laborwert_Ergebnis>26.8</Laborwert_Ergebnis><Laborwert_Einheit>mg/l</Laborwert_Einheit><Laborwert_Datum>23.05.2018</Laborwert_Datum><Laborwert_Unsicherheit_Absolut/><Laborwert_Unsicherheit_Relativ/><Laborwert_Unix_Timestamp/></Laborwert><Laborwert><Laborwert_Typ>Ferritin</Laborwert_Typ><Laborwert_Ergebnis>72</Laborwert_Ergebnis><Laborwert_Einheit>ng/ml</Laborwert_Einheit><Laborwert_Datum>23.05.2018</Laborwert_Datum><Laborwert_Unsicherheit_Absolut/><Laborwert_Unsicherheit_Relativ/><Laborwert_Unix_Timestamp/></Laborwert><Laborwert><Laborwert_Typ>Fols&#228;ure</Laborwert_Typ><Laborwert_Ergebnis>7.2</Laborwert_Ergebnis><Laborwert_Einheit>ng/ml</Laborwert_Einheit><Laborwert_Datum>23.05.2018</Laborwert_Datum><Laborwert_Unsicherheit_Absolut/><Laborwert_Unsicherheit_Relativ/><Laborwert_Unix_Timestamp/></Laborwert><Laborwert><Laborwert_Typ>Vitamin B12</Laborwert_Typ><Laborwert_Ergebnis>341</Laborwert_Ergebnis><Laborwert_Einheit>pg/ml</Laborwert_Einheit><Laborwert_Datum>23.05.2018</Laborwert_Datum><Laborwert_Unsicherheit_Absolut/><Laborwert_Unsicherheit_Relativ/><Laborwert_Unix_Timestamp/></Laborwert><Laborwert><Laborwert_Typ>HBs-Ag</Laborwert_Typ><Laborwert_Ergebnis>negativ</Laborwert_Ergebnis><Laborwert_Einheit/><Laborwert_Datum>23.05.2018</Laborwert_Datum><Laborwert_Unsicherheit_Absolut/><Laborwert_Unsicherheit_Relativ/><Laborwert_Unix_Timestamp/></Laborwert><Laborwert><Laborwert_Typ>Hepatitis Bs-AK</Laborwert_Typ><Laborwert_Ergebnis>&lt;10</Laborwert_Ergebnis><Laborwert_Einheit>IU/l</Laborwert_Einheit><Laborwert_Datum>23.05.2018</Laborwert_Datum><Laborwert_Unsicherheit_Absolut/><Laborwert_Unsicherheit_Relativ/><Laborwert_Unix_Timestamp/></Laborwert><Laborwert><Laborwert_Typ>Hepatitis Bc-AK</Laborwert_Typ><Laborwert_Ergebnis>negativ</Laborwert_Ergebnis><Laborwert_Einheit/><Laborwert_Datum>23.05.2018</Laborwert_Datum><Laborwert_Unsicherheit_Absolut/><Laborwert_Unsicherheit_Relativ/><Laborwert_Unix_Timestamp/></Laborwert><Laborwert><Laborwert_Typ>Hepatitis C-AK</Laborwert_Typ><Laborwert_Ergebnis>negativ</Laborwert_Ergebnis><Laborwert_Einheit/><Laborwert_Datum>23.05.2018</Laborwert_Datum><Laborwert_Unsicherheit_Absolut/><Laborwert_Unsicherheit_Relativ/><Laborwert_Unix_Timestamp/></Laborwert><Laborwert><Laborwert_Typ>CMV-IgG</Laborwert_Typ><Laborwert_Ergebnis>0.5</Laborwert_Ergebnis><Laborwert_Einheit>U/ml</Laborwert_Einheit><Laborwert_Datum>23.05.2018</Laborwert_Datum><Laborwert_Unsicherheit_Absolut/><Laborwert_Unsicherheit_Relativ/><Laborwert_Unix_Timestamp/></Laborwert><Laborwert><Laborwert_Typ>CMV-IgM</Laborwert_Typ><Laborwert_Ergebnis>negativ</Laborwert_Ergebnis><Laborwert_Einheit/><Laborwert_Datum>23.05.2018</Laborwert_Datum><Laborwert_Unsicherheit_Absolut/><Laborwert_Unsicherheit_Relativ/><Laborwert_Unix_Timestamp/></Laborwert><Laborwert><Laborwert_Typ>HSV1-IgG</Laborwert_Typ><Laborwert_Ergebnis>positiv</Laborwert_Ergebnis><Laborwert_Einheit/><Laborwert_Datum>23.05.2018</Laborwert_Datum><Laborwert_Unsicherheit_Absolut/><Laborwert_Unsicherheit_Relativ/><Laborwert_Unix_Timestamp/></Laborwert><Laborwert><Laborwert_Typ>HSV2-IgG</Laborwert_Typ><Laborwert_Ergebnis>negativ</Laborwert_Ergebnis><Laborwert_Einheit/><Laborwert_Datum>23.05.2018</Laborwert_Datum><Laborwert_Unsicherheit_Absolut/><Laborwert_Unsicherheit_Relativ/><Laborwert_Unix_Timestamp/></Laborwert><Laborwert><Laborwert_Typ>NT-pro-BNP</Laborwert_Typ><Laborwert_Ergebnis>1235</Laborwert_Ergebnis><Laborwert_Einheit>pg/ml</Laborwert_Einheit><Laborwert_Datum>23.05.2018</Laborwert_Datum><Laborwert_Unsicherheit_Absolut/><Laborwert_Unsicherheit_Relativ/><Laborwert_Unix_Timestamp/></Laborwert><Laborwert><Laborwert_Typ>Vitamin D</Laborwert_Typ><Laborwert_Ergebnis>7.8</Laborwert_Ergebnis><Laborwert_Einheit>ng/ml</Laborwert_Einheit><Laborwert_Datum>23.05.2018</Laborwert_Datum><Laborwert_Unsicherheit_Absolut/><Laborwert_Unsicherheit_Relativ/><Laborwert_Unix_Timestamp/></Laborwert><Laborwert><Laborwert_Typ>TSH</Laborwert_Typ><Laborwert_Ergebnis>2.65</Laborwert_Ergebnis><Laborwert_Einheit>mIU/l</Laborwert_Einheit><Laborwert_Datum>23.05.2018</Laborwert_Datum><Laborwert_Unsicherheit_Absolut/><Laborwert_Unsicherheit_Relativ/><Laborwert_Unix_Timestamp/></Laborwert><Laborwert><Laborwert_Typ>CA 19-9</Laborwert_Typ><Laborwert_Ergebnis>7.8</Laborwert_Ergebnis><Laborwert_Einheit>U/ml</Laborwert_Einheit><Laborwert_Datum>23.05.2018</Laborwert_Datum><Laborwert_Unsicherheit_Absolut/><Laborwert_Unsicherheit_Relativ/><Laborwert_Unix_Timestamp/></Laborwert><Laborwert><Laborwert_Typ>CEA</Laborwert_Typ><Laborwert_Ergebnis>1.6</Laborwert_Ergebnis><Laborwert_Einheit>ng/ml</Laborwert_Einheit><Laborwert_Datum>23.05.2018</Laborwert_Datum><Laborwert_Unsicherheit_Absolut/><Laborwert_Unsicherheit_Relativ/><Laborwert_Unix_Timestamp/></Laborwert><Laborwert><Laborwert_Typ>Natrium</Laborwert_Typ><Laborwert_Ergebnis>138</Laborwert_Ergebnis><Laborwert_Einheit>mmol/l</Laborwert_Einheit><Laborwert_Datum>22.05.2018</Laborwert_Datum><Laborwert_Unsicherheit_Absolut/><Laborwert_Unsicherheit_Relativ/><Laborwert_Unix_Timestamp/></Laborwert><Laborwert><Laborwert_Typ>Kalium</Laborwert_Typ><Laborwert_Ergebnis>4.0</Laborwert_Ergebnis><Laborwert_Einheit>mmol/l</Laborwert_Einheit><Laborwert_Datum>22.05.2018</Laborwert_Datum><Laborwert_Unsicherheit_Absolut/><Laborwert_Unsicherheit_Relativ/><Laborwert_Unix_Timestamp/></Laborwert><Laborwert><Laborwert_Typ>Calcium</Laborwert_Typ><Laborwert_Ergebnis>2.25</Laborwert_Ergebnis><Laborwert_Einheit>mmol/l</Laborwert_Einheit><Laborwert_Datum>22.05.2018</Laborwert_Datum><Laborwert_Unsicherheit_Absolut/><Laborwert_Unsicherheit_Relativ/><Laborwert_Unix_Timestamp/></Laborwert><Laborwert><Laborwert_Typ>CK</Laborwert_Typ><Laborwert_Ergebnis>51</Laborwert_Ergebnis><Laborwert_Einheit>U/l</Laborwert_Einheit><Laborwert_Datum>22.05.2018</Laborwert_Datum><Laborwert_Unsicherheit_Absolut/><Laborwert_Unsicherheit_Relativ/><Laborwert_Unix_Timestamp/></Laborwert><Laborwert><Laborwert_Typ>GPT</Laborwert_Typ><Laborwert_Ergebnis>23</Laborwert_Ergebnis><Laborwert_Einheit>U/l</Laborwert_Einheit><Laborwert_Datum>22.05.2018</Laborwert_Datum><Laborwert_Unsicherheit_Absolut/><Laborwert_Unsicherheit_Relativ/><Laborwert_Unix_Timestamp/></Laborwert><Laborwert><Laborwert_Typ>GOT</Laborwert_Typ><Laborwert_Ergebnis>47</Laborwert_Ergebnis><Laborwert_Einheit>U/l</Laborwert_Einheit><Laborwert_Datum>22.05.2018</Laborwert_Datum><Laborwert_Unsicherheit_Absolut/><Laborwert_Unsicherheit_Relativ/><Laborwert_Unix_Timestamp/></Laborwert><Laborwert><Laborwert_Typ>Gamma-GT</Laborwert_Typ><Laborwert_Ergebnis>66</Laborwert_Ergebnis><Laborwert_Einheit>U/l</Laborwert_Einheit><Laborwert_Datum>22.05.2018</Laborwert_Datum><Laborwert_Unsicherheit_Absolut/><Laborwert_Unsicherheit_Relativ/><Laborwert_Unix_Timestamp/></Laborwert><Laborwert><Laborwert_Typ>Alk. Phosphatase (AP)</Laborwert_Typ><Laborwert_Ergebnis>114</Laborwert_Ergebnis><Laborwert_Einheit>U/l</Laborwert_Einheit><Laborwert_Datum>22.05.2018</Laborwert_Datum><Laborwert_Unsicherheit_Absolut/><Laborwert_Unsicherheit_Relativ/><Laborwert_Unix_Timestamp/></Laborwert><Laborwert><Laborwert_Typ>LDH</Laborwert_Typ><Laborwert_Ergebnis>272</Laborwert_Ergebnis><Laborwert_Einheit>U/l</Laborwert_Einheit><Laborwert_Datum>22.05.2018</Laborwert_Datum><Laborwert_Unsicherheit_Absolut/><Laborwert_Unsicherheit_Relativ/><Laborwert_Unix_Timestamp/></Laborwert><Laborwert><Laborwert_Typ>Lipase</Laborwert_Typ><Laborwert_Ergebnis>36</Laborwert_Ergebnis><Laborwert_Einheit>U/l</Laborwert_Einheit><Laborwert_Datum>22.05.2018</Laborwert_Datum><Laborwert_Unsicherheit_Absolut/><Laborwert_Unsicherheit_Relativ/><Laborwert_Unix_Timestamp/></Laborwert><Laborwert><Laborwert_Typ>Bilirubin ges.</Laborwert_Typ><Laborwert_Ergebnis>0.3</Laborwert_Ergebnis><Laborwert_Einheit>mg/dl</Laborwert_Einheit><Laborwert_Datum>22.05.2018</Laborwert_Datum><Laborwert_Unsicherheit_Absolut/><Laborwert_Unsicherheit_Relativ/><Laborwert_Unix_Timestamp/></Laborwert><Laborwert><Laborwert_Typ>Bilirubin dir.</Laborwert_Typ><Laborwert_Ergebnis>0.2</Laborwert_Ergebnis><Laborwert_Einheit>mg/dl</Laborwert_Einheit><Laborwert_Datum>22.05.2018</Laborwert_Datum><Laborwert_Unsicherheit_Absolut/><Laborwert_Unsicherheit_Relativ/><Laborwert_Unix_Timestamp/></Laborwert><Laborwert><Laborwert_Typ>Bilirubin ind.</Laborwert_Typ><Laborwert_Ergebnis>0.1</Laborwert_Ergebnis><Laborwert_Einheit>mg/dl</Laborwert_Einheit><Laborwert_Datum>22.05.2018</Laborwert_Datum><Laborwert_Unsicherheit_Absolut/><Laborwert_Unsicherheit_Relativ/><Laborwert_Unix_Timestamp/></Laborwert><Laborwert><Laborwert_Typ>Creatinin</Laborwert_Typ><Laborwert_Ergebnis>0.90</Laborwert_Ergebnis><Laborwert_Einheit>mg/dl</Laborwert_Einheit><Laborwert_Datum>22.05.2018</Laborwert_Datum><Laborwert_Unsicherheit_Absolut/><Laborwert_Unsicherheit_Relativ/><Laborwert_Unix_Timestamp/></Laborwert><Laborwert><Laborwert_Typ>GFR (MDRD-Formel verk&#252;rzt)</Laborwert_Typ><Laborwert_Ergebnis>63</Laborwert_Ergebnis><Laborwert_Einheit>ml/min</Laborwert_Einheit><Laborwert_Datum>22.05.2018</Laborwert_Datum><Laborwert_Unsicherheit_Absolut/><Laborwert_Unsicherheit_Relativ/><Laborwert_Unix_Timestamp/></Laborwert><Laborwert><Laborwert_Typ>Harns&#228;ure</Laborwert_Typ><Laborwert_Ergebnis>3.6</Laborwert_Ergebnis><Laborwert_Einheit>mg/dl</Laborwert_Einheit><Laborwert_Datum>22.05.2018</Laborwert_Datum><Laborwert_Unsicherheit_Absolut/><Laborwert_Unsicherheit_Relativ/><Laborwert_Unix_Timestamp/></Laborwert><Laborwert><Laborwert_Typ>Eiwei&#223;, gesamt</Laborwert_Typ><Laborwert_Ergebnis>73.4</Laborwert_Ergebnis><Laborwert_Einheit>g/l</Laborwert_Einheit><Laborwert_Datum>22.05.2018</Laborwert_Datum><Laborwert_Unsicherheit_Absolut/><Laborwert_Unsicherheit_Relativ/><Laborwert_Unix_Timestamp/></Laborwert><Laborwert><Laborwert_Typ>Albumin (Elektrophorese)</Laborwert_Typ><Laborwert_Ergebnis>45.0</Laborwert_Ergebnis><Laborwert_Einheit>%</Laborwert_Einheit><Laborwert_Datum>22.05.2018</Laborwert_Datum><Laborwert_Unsicherheit_Absolut/><Laborwert_Unsicherheit_Relativ/><Laborwert_Unix_Timestamp/></Laborwert><Laborwert><Laborwert_Typ>Alpha-1-Globulin</Laborwert_Typ><Laborwert_Ergebnis>7.1</Laborwert_Ergebnis><Laborwert_Einheit>%</Laborwert_Einheit><Laborwert_Datum>22.05.2018</Laborwert_Datum><Laborwert_Unsicherheit_Absolut/><Laborwert_Unsicherheit_Relativ/><Laborwert_Unix_Timestamp/></Laborwert><Laborwert><Laborwert_Typ>Alpha-2-Globulin</Laborwert_Typ><Laborwert_Ergebnis>13.6</Laborwert_Ergebnis><Laborwert_Einheit>%</Laborwert_Einheit><Laborwert_Datum>22.05.2018</Laborwert_Datum><Laborwert_Unsicherheit_Absolut/><Laborwert_Unsicherheit_Relativ/><Laborwert_Unix_Timestamp/></Laborwert><Laborwert><Laborwert_Typ>Beta-1 Globulin</Laborwert_Typ><Laborwert_Ergebnis>7.3</Laborwert_Ergebnis><Laborwert_Einheit>%</Laborwert_Einheit><Laborwert_Datum>22.05.2018</Laborwert_Datum><Laborwert_Unsicherheit_Absolut/><Laborwert_Unsicherheit_Relativ/><Laborwert_Unix_Timestamp/></Laborwert><Laborwert><Laborwert_Typ>Beta-2-Globulin</Laborwert_Typ><Laborwert_Ergebnis>7.9</Laborwert_Ergebnis><Laborwert_Einheit>%</Laborwert_Einheit><Laborwert_Datum>22.05.2018</Laborwert_Datum><Laborwert_Unsicherheit_Absolut/><Laborwert_Unsicherheit_Relativ/><Laborwert_Unix_Timestamp/></Laborwert><Laborwert><Laborwert_Typ>Gamma-Globulin</Laborwert_Typ><Laborwert_Ergebnis>19.1</Laborwert_Ergebnis><Laborwert_Einheit>%</Laborwert_Einheit><Laborwert_Datum>22.05.2018</Laborwert_Datum><Laborwert_Unsicherheit_Absolut/><Laborwert_Unsicherheit_Relativ/><Laborwert_Unix_Timestamp/></Laborwert><Laborwert><Laborwert_Typ>Triglyceride</Laborwert_Typ><Laborwert_Ergebnis>150</Laborwert_Ergebnis><Laborwert_Einheit>mg/dl</Laborwert_Einheit><Laborwert_Datum>22.05.2018</Laborwert_Datum><Laborwert_Unsicherheit_Absolut/><Laborwert_Unsicherheit_Relativ/><Laborwert_Unix_Timestamp/></Laborwert><Laborwert><Laborwert_Typ>Cholesterin</Laborwert_Typ><Laborwert_Ergebnis>146</Laborwert_Ergebnis><Laborwert_Einheit>mg/dl</Laborwert_Einheit><Laborwert_Datum>22.05.2018</Laborwert_Datum><Laborwert_Unsicherheit_Absolut/><Laborwert_Unsicherheit_Relativ/><Laborwert_Unix_Timestamp/></Laborwert><Laborwert><Laborwert_Typ>Glucose</Laborwert_Typ><Laborwert_Ergebnis>87</Laborwert_Ergebnis><Laborwert_Einheit>mg/dl</Laborwert_Einheit><Laborwert_Datum>22.05.2018</Laborwert_Datum><Laborwert_Unsicherheit_Absolut/><Laborwert_Unsicherheit_Relativ/><Laborwert_Unix_Timestamp/></Laborwert><Laborwert><Laborwert_Typ>Immunglobulin-G</Laborwert_Typ><Laborwert_Ergebnis>13.9</Laborwert_Ergebnis><Laborwert_Einheit>g/l</Laborwert_Einheit><Laborwert_Datum>22.05.2018</Laborwert_Datum><Laborwert_Unsicherheit_Absolut/><Laborwert_Unsicherheit_Relativ/><Laborwert_Unix_Timestamp/></Laborwert><Laborwert><Laborwert_Typ>Immunglobulin-M</Laborwert_Typ><Laborwert_Ergebnis>1.1</Laborwert_Ergebnis><Laborwert_Einheit>g/l</Laborwert_Einheit><Laborwert_Datum>22.05.2018</Laborwert_Datum><Laborwert_Unsicherheit_Absolut/><Laborwert_Unsicherheit_Relativ/><Laborwert_Unix_Timestamp/></Laborwert><Laborwert><Laborwert_Typ>Immunglobulin-A</Laborwert_Typ><Laborwert_Ergebnis>4.37</Laborwert_Ergebnis><Laborwert_Einheit>g/l</Laborwert_Einheit><Laborwert_Datum>22.05.2018</Laborwert_Datum><Laborwert_Unsicherheit_Absolut/><Laborwert_Unsicherheit_Relativ/><Laborwert_Unix_Timestamp/></Laborwert><Laborwert><Laborwert_Typ>Quick</Laborwert_Typ><Laborwert_Ergebnis>100</Laborwert_Ergebnis><Laborwert_Einheit>%</Laborwert_Einheit><Laborwert_Datum>22.05.2018</Laborwert_Datum><Laborwert_Unsicherheit_Absolut/><Laborwert_Unsicherheit_Relativ/><Laborwert_Unix_Timestamp/></Laborwert><Laborwert><Laborwert_Typ>INR</Laborwert_Typ><Laborwert_Ergebnis>1.00</Laborwert_Ergebnis><Laborwert_Einheit>kA</Laborwert_Einheit><Laborwert_Datum>22.05.2018</Laborwert_Datum><Laborwert_Unsicherheit_Absolut/><Laborwert_Unsicherheit_Relativ/><Laborwert_Unix_Timestamp/></Laborwert><Laborwert><Laborwert_Typ>PTT</Laborwert_Typ><Laborwert_Ergebnis>22</Laborwert_Ergebnis><Laborwert_Einheit>s</Laborwert_Einheit><Laborwert_Datum>22.05.2018</Laborwert_Datum><Laborwert_Unsicherheit_Absolut/><Laborwert_Unsicherheit_Relativ/><Laborwert_Unix_Timestamp/></Laborwert><Laborwert><Laborwert_Typ>Leukozyten</Laborwert_Typ><Laborwert_Ergebnis>7.1</Laborwert_Ergebnis><Laborwert_Einheit>/nl</Laborwert_Einheit><Laborwert_Datum>22.05.2018</Laborwert_Datum><Laborwert_Unsicherheit_Absolut/><Laborwert_Unsicherheit_Relativ/><Laborwert_Unix_Timestamp/></Laborwert><Laborwert><Laborwert_Typ>Erythrozyten</Laborwert_Typ><Laborwert_Ergebnis>3.5</Laborwert_Ergebnis><Laborwert_Einheit>Mio/&#181;l</Laborwert_Einheit><Laborwert_Datum>22.05.2018</Laborwert_Datum><Laborwert_Unsicherheit_Absolut/><Laborwert_Unsicherheit_Relativ/><Laborwert_Unix_Timestamp/></Laborwert><Laborwert><Laborwert_Typ>Haemoglobin</Laborwert_Typ><Laborwert_Ergebnis>10.0</Laborwert_Ergebnis><Laborwert_Einheit>g/dl</Laborwert_Einheit><Laborwert_Datum>22.05.2018</Laborwert_Datum><Laborwert_Unsicherheit_Absolut/><Laborwert_Unsicherheit_Relativ/><Laborwert_Unix_Timestamp/></Laborwert><Laborwert><Laborwert_Typ>Haematokrit</Laborwert_Typ><Laborwert_Ergebnis>0.31</Laborwert_Ergebnis><Laborwert_Einheit>l/l</Laborwert_Einheit><Laborwert_Datum>22.05.2018</Laborwert_Datum><Laborwert_Unsicherheit_Absolut/><Laborwert_Unsicherheit_Relativ/><Laborwert_Unix_Timestamp/></Laborwert><Laborwert><Laborwert_Typ>MCV</Laborwert_Typ><Laborwert_Ergebnis>88.2</Laborwert_Ergebnis><Laborwert_Einheit>fl</Laborwert_Einheit><Laborwert_Datum>22.05.2018</Laborwert_Datum><Laborwert_Unsicherheit_Absolut/><Laborwert_Unsicherheit_Relativ/><Laborwert_Unix_Timestamp/></Laborwert><Laborwert><Laborwert_Typ>MCH</Laborwert_Typ><Laborwert_Ergebnis>29</Laborwert_Ergebnis><Laborwert_Einheit>pg</Laborwert_Einheit><Laborwert_Datum>22.05.2018</Laborwert_Datum><Laborwert_Unsicherheit_Absolut/><Laborwert_Unsicherheit_Relativ/><Laborwert_Unix_Timestamp/></Laborwert><Laborwert><Laborwert_Typ>MCHC</Laborwert_Typ><Laborwert_Ergebnis>33</Laborwert_Ergebnis><Laborwert_Einheit>g/dl</Laborwert_Einheit><Laborwert_Datum>22.05.2018</Laborwert_Datum><Laborwert_Unsicherheit_Absolut/><Laborwert_Unsicherheit_Relativ/><Laborwert_Unix_Timestamp/></Laborwert><Laborwert><Laborwert_Typ>Thrombozyten</Laborwert_Typ><Laborwert_Ergebnis>593</Laborwert_Ergebnis><Laborwert_Einheit>/nl</Laborwert_Einheit><Laborwert_Datum>22.05.2018</Laborwert_Datum><Laborwert_Unsicherheit_Absolut/><Laborwert_Unsicherheit_Relativ/><Laborwert_Unix_Timestamp/></Laborwert><Laborwert><Laborwert_Typ>Neutrophile</Laborwert_Typ><Laborwert_Ergebnis>71</Laborwert_Ergebnis><Laborwert_Einheit>%</Laborwert_Einheit><Laborwert_Datum>22.05.2018</Laborwert_Datum><Laborwert_Unsicherheit_Absolut/><Laborwert_Unsicherheit_Relativ/><Laborwert_Unix_Timestamp/></Laborwert><Laborwert><Laborwert_Typ>Lymphozyten</Laborwert_Typ><Laborwert_Ergebnis>18</Laborwert_Ergebnis><Laborwert_Einheit>%</Laborwert_Einheit><Laborwert_Datum>22.05.2018</Laborwert_Datum><Laborwert_Unsicherheit_Absolut/><Laborwert_Unsicherheit_Relativ/><Laborwert_Unix_Timestamp/></Laborwert><Laborwert><Laborwert_Typ>Monozyten</Laborwert_Typ><Laborwert_Ergebnis>9</Laborwert_Ergebnis><Laborwert_Einheit>%</Laborwert_Einheit><Laborwert_Datum>22.05.2018</Laborwert_Datum><Laborwert_Unsicherheit_Absolut/><Laborwert_Unsicherheit_Relativ/><Laborwert_Unix_Timestamp/></Laborwert><Laborwert><Laborwert_Typ>EOS</Laborwert_Typ><Laborwert_Ergebnis>2</Laborwert_Ergebnis><Laborwert_Einheit>%</Laborwert_Einheit><Laborwert_Datum>22.05.2018</Laborwert_Datum><Laborwert_Unsicherheit_Absolut/><Laborwert_Unsicherheit_Relativ/><Laborwert_Unix_Timestamp/></Laborwert><Laborwert><Laborwert_Typ>BASO</Laborwert_Typ><Laborwert_Ergebnis>0</Laborwert_Ergebnis><Laborwert_Einheit>%</Laborwert_Einheit><Laborwert_Datum>22.05.2018</Laborwert_Datum><Laborwert_Unsicherheit_Absolut/><Laborwert_Unsicherheit_Relativ/><Laborwert_Unix_Timestamp/></Laborwert><Laborwert><Laborwert_Typ>Neutrophile absolut</Laborwert_Typ><Laborwert_Ergebnis>5041</Laborwert_Ergebnis><Laborwert_Einheit>/&#181;l</Laborwert_Einheit><Laborwert_Datum>22.05.2018</Laborwert_Datum><Laborwert_Unsicherheit_Absolut/><Laborwert_Unsicherheit_Relativ/><Laborwert_Unix_Timestamp/></Laborwert><Laborwert><Laborwert_Typ>Lymphozyten absolut</Laborwert_Typ><Laborwert_Ergebnis>1278</Laborwert_Ergebnis><Laborwert_Einheit>/&#181;l</Laborwert_Einheit><Laborwert_Datum>22.05.2018</Laborwert_Datum><Laborwert_Unsicherheit_Absolut/><Laborwert_Unsicherheit_Relativ/><Laborwert_Unix_Timestamp/></Laborwert><Laborwert><Laborwert_Typ>Monozyten absolut</Laborwert_Typ><Laborwert_Ergebnis>639</Laborwert_Ergebnis><Laborwert_Einheit>/&#181;l</Laborwert_Einheit><Laborwert_Datum>22.05.2018</Laborwert_Datum><Laborwert_Unsicherheit_Absolut/><Laborwert_Unsicherheit_Relativ/><Laborwert_Unix_Timestamp/></Laborwert><Laborwert><Laborwert_Typ>Eosinophile absolut</Laborwert_Typ><Laborwert_Ergebnis>142</Laborwert_Ergebnis><Laborwert_Einheit>/&#181;l</Laborwert_Einheit><Laborwert_Datum>22.05.2018</Laborwert_Datum><Laborwert_Unsicherheit_Absolut/><Laborwert_Unsicherheit_Relativ/><Laborwert_Unix_Timestamp/></Laborwert><Laborwert><Laborwert_Typ>Basophile absolut</Laborwert_Typ><Laborwert_Ergebnis>0</Laborwert_Ergebnis><Laborwert_Einheit>/&#181;l</Laborwert_Einheit><Laborwert_Datum>22.05.2018</Laborwert_Datum><Laborwert_Unsicherheit_Absolut/><Laborwert_Unsicherheit_Relativ/><Laborwert_Unix_Timestamp/></Laborwert><Laborwert><Laborwert_Typ>WBC</Laborwert_Typ><Laborwert_Ergebnis>5.18</Laborwert_Ergebnis><Laborwert_Einheit/><Laborwert_Datum>06.09.2018</Laborwert_Datum><Laborwert_Unsicherheit_Absolut/><Laborwert_Unsicherheit_Relativ/><Laborwert_Unix_Timestamp/></Laborwert><Laborwert><Laborwert_Typ>RBC</Laborwert_Typ><Laborwert_Ergebnis>4.48</Laborwert_Ergebnis><Laborwert_Einheit/><Laborwert_Datum>06.09.2018</Laborwert_Datum><Laborwert_Unsicherheit_Absolut/><Laborwert_Unsicherheit_Relativ/><Laborwert_Unix_Timestamp/></Laborwert><Laborwert><Laborwert_Typ>HGB</Laborwert_Typ><Laborwert_Ergebnis>13.0</Laborwert_Ergebnis><Laborwert_Einheit/><Laborwert_Datum>06.09.2018</Laborwert_Datum><Laborwert_Unsicherheit_Absolut/><Laborwert_Unsicherheit_Relativ/><Laborwert_Unix_Timestamp/></Laborwert><Laborwert><Laborwert_Typ>HCT</Laborwert_Typ><Laborwert_Ergebnis>40.3</Laborwert_Ergebnis><Laborwert_Einheit/><Laborwert_Datum>06.09.2018</Laborwert_Datum><Laborwert_Unsicherheit_Absolut/><Laborwert_Unsicherheit_Relativ/><Laborwert_Unix_Timestamp/></Laborwert><Laborwert><Laborwert_Typ>MCV</Laborwert_Typ><Laborwert_Ergebnis>90.0</Laborwert_Ergebnis><Laborwert_Einheit/><Laborwert_Datum>06.09.2018</Laborwert_Datum><Laborwert_Unsicherheit_Absolut/><Laborwert_Unsicherheit_Relativ/><Laborwert_Unix_Timestamp/></Laborwert><Laborwert><Laborwert_Typ>MCH</Laborwert_Typ><Laborwert_Ergebnis>29.0</Laborwert_Ergebnis><Laborwert_Einheit/><Laborwert_Datum>06.09.2018</Laborwert_Datum><Laborwert_Unsicherheit_Absolut/><Laborwert_Unsicherheit_Relativ/><Laborwert_Unix_Timestamp/></Laborwert><Laborwert><Laborwert_Typ>MCHC</Laborwert_Typ><Laborwert_Ergebnis>32.3</Laborwert_Ergebnis><Laborwert_Einheit/><Laborwert_Datum>06.09.2018</Laborwert_Datum><Laborwert_Unsicherheit_Absolut/><Laborwert_Unsicherheit_Relativ/><Laborwert_Unix_Timestamp/></Laborwert><Laborwert><Laborwert_Typ>PLT</Laborwert_Typ><Laborwert_Ergebnis>272</Laborwert_Ergebnis><Laborwert_Einheit/><Laborwert_Datum>06.09.2018</Laborwert_Datum><Laborwert_Unsicherheit_Absolut/><Laborwert_Unsicherheit_Relativ/><Laborwert_Unix_Timestamp/></Laborwert><Laborwert><Laborwert_Typ>NEUT%</Laborwert_Typ><Laborwert_Ergebnis>39.8</Laborwert_Ergebnis><Laborwert_Einheit/><Laborwert_Datum>06.09.2018</Laborwert_Datum><Laborwert_Unsicherheit_Absolut/><Laborwert_Unsicherheit_Relativ/><Laborwert_Unix_Timestamp/></Laborwert><Laborwert><Laborwert_Typ>LYMPH%</Laborwert_Typ><Laborwert_Ergebnis>37.6</Laborwert_Ergebnis><Laborwert_Einheit/><Laborwert_Datum>06.09.2018</Laborwert_Datum><Laborwert_Unsicherheit_Absolut/><Laborwert_Unsicherheit_Relativ/><Laborwert_Unix_Timestamp/></Laborwert><Laborwert><Laborwert_Typ>MONO%</Laborwert_Typ><Laborwert_Ergebnis>19.1</Laborwert_Ergebnis><Laborwert_Einheit/><Laborwert_Datum>06.09.2018</Laborwert_Datum><Laborwert_Unsicherheit_Absolut/><Laborwert_Unsicherheit_Relativ/><Laborwert_Unix_Timestamp/></Laborwert><Laborwert><Laborwert_Typ>EO%</Laborwert_Typ><Laborwert_Ergebnis>2.3</Laborwert_Ergebnis><Laborwert_Einheit/><Laborwert_Datum>06.09.2018</Laborwert_Datum><Laborwert_Unsicherheit_Absolut/><Laborwert_Unsicherheit_Relativ/><Laborwert_Unix_Timestamp/></Laborwert><Laborwert><Laborwert_Typ>BASO%</Laborwert_Typ><Laborwert_Ergebnis>1.2</Laborwert_Ergebnis><Laborwert_Einheit/><Laborwert_Datum>06.09.2018</Laborwert_Datum><Laborwert_Unsicherheit_Absolut/><Laborwert_Unsicherheit_Relativ/><Laborwert_Unix_Timestamp/></Laborwert><Laborwert><Laborwert_Typ>NEUT#</Laborwert_Typ><Laborwert_Ergebnis>2.06</Laborwert_Ergebnis><Laborwert_Einheit/><Laborwert_Datum>06.09.2018</Laborwert_Datum><Laborwert_Unsicherheit_Absolut/><Laborwert_Unsicherheit_Relativ/><Laborwert_Unix_Timestamp/></Laborwert><Laborwert><Laborwert_Typ>LYMPH#</Laborwert_Typ><Laborwert_Ergebnis>1.95</Laborwert_Ergebnis><Laborwert_Einheit/><Laborwert_Datum>06.09.2018</Laborwert_Datum><Laborwert_Unsicherheit_Absolut/><Laborwert_Unsicherheit_Relativ/><Laborwert_Unix_Timestamp/></Laborwert><Laborwert><Laborwert_Typ>MONO#</Laborwert_Typ><Laborwert_Ergebnis>0.99</Laborwert_Ergebnis><Laborwert_Einheit/><Laborwert_Datum>06.09.2018</Laborwert_Datum><Laborwert_Unsicherheit_Absolut/><Laborwert_Unsicherheit_Relativ/><Laborwert_Unix_Timestamp/></Laborwert><Laborwert><Laborwert_Typ>EO#</Laborwert_Typ><Laborwert_Ergebnis>0.12</Laborwert_Ergebnis><Laborwert_Einheit/><Laborwert_Datum>06.09.2018</Laborwert_Datum><Laborwert_Unsicherheit_Absolut/><Laborwert_Unsicherheit_Relativ/><Laborwert_Unix_Timestamp/></Laborwert><Laborwert><Laborwert_Typ>BASO#</Laborwert_Typ><Laborwert_Ergebnis>0.06</Laborwert_Ergebnis><Laborwert_Einheit/><Laborwert_Datum>06.09.2018</Laborwert_Datum><Laborwert_Unsicherheit_Absolut/><Laborwert_Unsicherheit_Relativ/><Laborwert_Unix_Timestamp/></Laborwert><Laborwert><Laborwert_Typ>RDW-SD</Laborwert_Typ><Laborwert_Ergebnis>47.7</Laborwert_Ergebnis><Laborwert_Einheit/><Laborwert_Datum>06.09.2018</Laborwert_Datum><Laborwert_Unsicherheit_Absolut/><Laborwert_Unsicherheit_Relativ/><Laborwert_Unix_Timestamp/></Laborwert><Laborwert><Laborwert_Typ>RDW-CV</Laborwert_Typ><Laborwert_Ergebnis>14.9</Laborwert_Ergebnis><Laborwert_Einheit/><Laborwert_Datum>06.09.2018</Laborwert_Datum><Laborwert_Unsicherheit_Absolut/><Laborwert_Unsicherheit_Relativ/><Laborwert_Unix_Timestamp/></Laborwert><Laborwert><Laborwert_Typ>PDW</Laborwert_Typ><Laborwert_Ergebnis>11.0</Laborwert_Ergebnis><Laborwert_Einheit/><Laborwert_Datum>06.09.2018</Laborwert_Datum><Laborwert_Unsicherheit_Absolut/><Laborwert_Unsicherheit_Relativ/><Laborwert_Unix_Timestamp/></Laborwert><Laborwert><Laborwert_Typ>MPV</Laborwert_Typ><Laborwert_Ergebnis>10.1</Laborwert_Ergebnis><Laborwert_Einheit/><Laborwert_Datum>06.09.2018</Laborwert_Datum><Laborwert_Unsicherheit_Absolut/><Laborwert_Unsicherheit_Relativ/><Laborwert_Unix_Timestamp/></Laborwert><Laborwert><Laborwert_Typ>P-LCR</Laborwert_Typ><Laborwert_Ergebnis>24.7</Laborwert_Ergebnis><Laborwert_Einheit/><Laborwert_Datum>06.09.2018</Laborwert_Datum><Laborwert_Unsicherheit_Absolut/><Laborwert_Unsicherheit_Relativ/><Laborwert_Unix_Timestamp/></Laborwert><Laborwert><Laborwert_Typ>PCT</Laborwert_Typ><Laborwert_Ergebnis>0.27</Laborwert_Ergebnis><Laborwert_Einheit/><Laborwert_Datum>06.09.2018</Laborwert_Datum><Laborwert_Unsicherheit_Absolut/><Laborwert_Unsicherheit_Relativ/><Laborwert_Unix_Timestamp/></Laborwert></Menge_Laborwert>
      <Menge_Meldung><Meldung Melder_ID="101250" Meldung_ID="PAT_2"><Meldedatum>14.10.2020</Meldedatum>
          <Meldebegruendung>V</Meldebegruendung>
          <Meldeanlass>statusmeldung</Meldeanlass>
          <Tumorzuordnung Tumor_ID="1"><Primaertumor_ICD_Code>C18.0</Primaertumor_ICD_Code>
            
            <Diagnosedatum>22.05.2018</Diagnosedatum>
            <Seitenlokalisation>T</Seitenlokalisation>
          </Tumorzuordnung>
          <Diagnose Tumor_ID="1"><Primaertumor_ICD_Code>C18.0</Primaertumor_ICD_Code>
            
            <Primaertumor_Diagnosetext>B&#246;sartige Neubildung des Z&#228;kums, G.</Primaertumor_Diagnosetext>
            
            
            
            <Diagnosedatum>22.05.2018</Diagnosedatum>
            
            
            <cTNM TNM_ID="1"><TNM_Datum>00.04.2018</TNM_Datum>
              
              
              
              
              <TNM_c_p_u_Praefix_T>p</TNM_c_p_u_Praefix_T>
              <TNM_T>T3</TNM_T>
              <TNM_c_p_u_Praefix_N>p</TNM_c_p_u_Praefix_N>
              <TNM_N>N2</TNM_N>
              <TNM_c_p_u_Praefix_M>c</TNM_c_p_u_Praefix_M>
              <TNM_M>MX</TNM_M>
              <TNM_L>L1</TNM_L>
              <TNM_V>V0</TNM_V>
              <TNM_Pn>Pn1</TNM_Pn>
              </cTNM>
            
              
              
              
              
              
            
          </Diagnose>
		</Meldung>       
      <Meldung Melder_ID="101250" Meldung_ID="PAT_2"><Meldedatum>14.10.2020</Meldedatum>
        <Meldebegruendung>V</Meldebegruendung>
        <Meldeanlass>statusmeldung</Meldeanlass>
        <Tumorzuordnung Tumor_ID="1"><Primaertumor_ICD_Code>C18.0</Primaertumor_ICD_Code>
          
          <Diagnosedatum>22.05.2018</Diagnosedatum>
          <Seitenlokalisation>T</Seitenlokalisation>
        </Tumorzuordnung>		    		  		  
        <Menge_OP><OP OP_ID="1"><OP_Datum>00.05.2018</OP_Datum>
            <Menge_OPS><OP_OPS>hemikolektomie</OP_OPS>
            </Menge_OPS>
            
          </OP>
        </Menge_OP>
  </Meldung>
<Meldung Melder_ID="101250" Meldung_ID="PAT_2"><Meldedatum>14.10.2020</Meldedatum>
        <Meldebegruendung>V</Meldebegruendung>
        <Meldeanlass>statusmeldung</Meldeanlass>
        <Tumorzuordnung Tumor_ID="1"><Primaertumor_ICD_Code>C18.0</Primaertumor_ICD_Code>
          
          <Diagnosedatum>22.05.2018</Diagnosedatum>
          <Seitenlokalisation>T</Seitenlokalisation>
        </Tumorzuordnung>		    		  		  
        <Menge_OP><OP OP_ID="2"><OP_Datum>11.05.2018</OP_Datum>
            <Menge_OPS><OP_OPS>resektion</OP_OPS>
            </Menge_OPS>
            
          </OP>
        </Menge_OP>
  </Meldung>
<Meldung Melder_ID="101250" Meldung_ID="PAT_2"><Meldedatum>14.10.2020</Meldedatum>
        <Meldebegruendung>V</Meldebegruendung>
        <Meldeanlass>statusmeldung</Meldeanlass>
        <Tumorzuordnung Tumor_ID="1"><Primaertumor_ICD_Code>C18.0</Primaertumor_ICD_Code>
          
          <Diagnosedatum>22.05.2018</Diagnosedatum>
          <Seitenlokalisation>T</Seitenlokalisation>
        </Tumorzuordnung>		    		  		  
        <Menge_OP><OP OP_ID="3"><OP_Datum>26.04.2018</OP_Datum>
            <Menge_OPS><OP_OPS>koloskopie</OP_OPS>
            </Menge_OPS>
            
          </OP>
        </Menge_OP>
  </Meldung>
</Menge_Meldung>
    </Patient>
  </Menge_Patient>
  <Menge_Melder><Melder Melder_ID="101250"><Meldende_Stelle>101250</Meldende_Stelle>
      <Melder_KH_Abt_Station_Praxis/>
      <Melder_Arztname/>
      <Melder_Anschrift/>
      <Melder_PLZ/>
      <Melder_Ort/>
    </Melder>
  </Menge_Melder>
</ADT_GEKID>
