<ADT_GEKID xmlns="http://www.gekid.de/namespace" xmlns:xsi="http://www.w3.org/2001/XMLSchema-instance" Schema_Version="2.1.1" xsi:schemaLocation="http://www.gekid.de/namespace ADT_GEKID_v2.1.1.xsd"><Absender Absender_ID="" Installations_ID="" Software_ID=""><Absender_Bezeichnung/>
    <Absender_Ansprechpartner/>
    <Absender_Anschrift/>
    <Absender_Telefon/>
    <Absender_EMail/>
  </Absender>
  <Menge_Patient><Patient><Patienten_Stammdaten Patient_ID="10791.0"><KrankenversichertenNr>40666197</KrankenversichertenNr>
        <KrankenkassenNr>108035612</KrankenkassenNr>
        <Patienten_Nachname>Gude</Patienten_Nachname>
        <Patienten_Vornamen>Vesna</Patienten_Vornamen>
        <Patienten_Geburtsname/>
        <Patienten_Geschlecht>W</Patienten_Geschlecht>
        <Patienten_Geburtsdatum>24.03.1969</Patienten_Geburtsdatum>
        <Menge_Adresse><Adresse><Patienten_Strasse>Hertrampfweg</Patienten_Strasse>
            <Patienten_Hausnummer>19</Patienten_Hausnummer>
            <Patienten_Land/>
            <Patienten_PLZ>12568</Patienten_PLZ>
            <Patienten_Ort>Senftenberg</Patienten_Ort>
        </Adresse>  
        </Menge_Adresse>
      </Patienten_Stammdaten>
      <Menge_Laborwert><Laborwert><Laborwert_Typ>Serum/Vollblut</Laborwert_Typ><Laborwert_Ergebnis>nan</Laborwert_Ergebnis><Laborwert_Einheit/><Laborwert_Datum>15.01.2009</Laborwert_Datum><Laborwert_Unsicherheit_Absolut/><Laborwert_Unsicherheit_Relativ/><Laborwert_Unix_Timestamp/></Laborwert><Laborwert><Laborwert_Typ>Citrat</Laborwert_Typ><Laborwert_Ergebnis>nan</Laborwert_Ergebnis><Laborwert_Einheit/><Laborwert_Datum>15.01.2009</Laborwert_Datum><Laborwert_Unsicherheit_Absolut/><Laborwert_Unsicherheit_Relativ/><Laborwert_Unix_Timestamp/></Laborwert><Laborwert><Laborwert_Typ>Natrium</Laborwert_Typ><Laborwert_Ergebnis>138</Laborwert_Ergebnis><Laborwert_Einheit>mmol/l</Laborwert_Einheit><Laborwert_Datum>15.01.2009</Laborwert_Datum><Laborwert_Unsicherheit_Absolut/><Laborwert_Unsicherheit_Relativ/><Laborwert_Unix_Timestamp/></Laborwert><Laborwert><Laborwert_Typ>Kalium</Laborwert_Typ><Laborwert_Ergebnis>4.6</Laborwert_Ergebnis><Laborwert_Einheit>mmol/l</Laborwert_Einheit><Laborwert_Datum>15.01.2009</Laborwert_Datum><Laborwert_Unsicherheit_Absolut/><Laborwert_Unsicherheit_Relativ/><Laborwert_Unix_Timestamp/></Laborwert><Laborwert><Laborwert_Typ>CK</Laborwert_Typ><Laborwert_Ergebnis>65</Laborwert_Ergebnis><Laborwert_Einheit>U/l</Laborwert_Einheit><Laborwert_Datum>15.01.2009</Laborwert_Datum><Laborwert_Unsicherheit_Absolut/><Laborwert_Unsicherheit_Relativ/><Laborwert_Unix_Timestamp/></Laborwert><Laborwert><Laborwert_Typ>GPT</Laborwert_Typ><Laborwert_Ergebnis>26</Laborwert_Ergebnis><Laborwert_Einheit>U/l</Laborwert_Einheit><Laborwert_Datum>15.01.2009</Laborwert_Datum><Laborwert_Unsicherheit_Absolut/><Laborwert_Unsicherheit_Relativ/><Laborwert_Unix_Timestamp/></Laborwert><Laborwert><Laborwert_Typ>GOT</Laborwert_Typ><Laborwert_Ergebnis>26</Laborwert_Ergebnis><Laborwert_Einheit>U/l</Laborwert_Einheit><Laborwert_Datum>15.01.2009</Laborwert_Datum><Laborwert_Unsicherheit_Absolut/><Laborwert_Unsicherheit_Relativ/><Laborwert_Unix_Timestamp/></Laborwert><Laborwert><Laborwert_Typ>Gamma-GT</Laborwert_Typ><Laborwert_Ergebnis>42</Laborwert_Ergebnis><Laborwert_Einheit>U/l</Laborwert_Einheit><Laborwert_Datum>15.01.2009</Laborwert_Datum><Laborwert_Unsicherheit_Absolut/><Laborwert_Unsicherheit_Relativ/><Laborwert_Unix_Timestamp/></Laborwert><Laborwert><Laborwert_Typ>Alk. Phosphatase (AP)</Laborwert_Typ><Laborwert_Ergebnis>68</Laborwert_Ergebnis><Laborwert_Einheit>U/l</Laborwert_Einheit><Laborwert_Datum>15.01.2009</Laborwert_Datum><Laborwert_Unsicherheit_Absolut/><Laborwert_Unsicherheit_Relativ/><Laborwert_Unix_Timestamp/></Laborwert><Laborwert><Laborwert_Typ>LDH</Laborwert_Typ><Laborwert_Ergebnis>232</Laborwert_Ergebnis><Laborwert_Einheit>U/l</Laborwert_Einheit><Laborwert_Datum>15.01.2009</Laborwert_Datum><Laborwert_Unsicherheit_Absolut/><Laborwert_Unsicherheit_Relativ/><Laborwert_Unix_Timestamp/></Laborwert><Laborwert><Laborwert_Typ>Lipase</Laborwert_Typ><Laborwert_Ergebnis>34</Laborwert_Ergebnis><Laborwert_Einheit>U/l</Laborwert_Einheit><Laborwert_Datum>15.01.2009</Laborwert_Datum><Laborwert_Unsicherheit_Absolut/><Laborwert_Unsicherheit_Relativ/><Laborwert_Unix_Timestamp/></Laborwert><Laborwert><Laborwert_Typ>Bilirubin ges.</Laborwert_Typ><Laborwert_Ergebnis>0.9</Laborwert_Ergebnis><Laborwert_Einheit>mg/dl</Laborwert_Einheit><Laborwert_Datum>15.01.2009</Laborwert_Datum><Laborwert_Unsicherheit_Absolut/><Laborwert_Unsicherheit_Relativ/><Laborwert_Unix_Timestamp/></Laborwert><Laborwert><Laborwert_Typ>Bilirubin dir.</Laborwert_Typ><Laborwert_Ergebnis>0.2</Laborwert_Ergebnis><Laborwert_Einheit>mg/dl</Laborwert_Einheit><Laborwert_Datum>15.01.2009</Laborwert_Datum><Laborwert_Unsicherheit_Absolut/><Laborwert_Unsicherheit_Relativ/><Laborwert_Unix_Timestamp/></Laborwert><Laborwert><Laborwert_Typ>Bilirubin ind.</Laborwert_Typ><Laborwert_Ergebnis>0.7</Laborwert_Ergebnis><Laborwert_Einheit>mg/dl</Laborwert_Einheit><Laborwert_Datum>15.01.2009</Laborwert_Datum><Laborwert_Unsicherheit_Absolut/><Laborwert_Unsicherheit_Relativ/><Laborwert_Unix_Timestamp/></Laborwert><Laborwert><Laborwert_Typ>Creatinin</Laborwert_Typ><Laborwert_Ergebnis>0.7</Laborwert_Ergebnis><Laborwert_Einheit>mg/dl</Laborwert_Einheit><Laborwert_Datum>15.01.2009</Laborwert_Datum><Laborwert_Unsicherheit_Absolut/><Laborwert_Unsicherheit_Relativ/><Laborwert_Unix_Timestamp/></Laborwert><Laborwert><Laborwert_Typ>Harns&#228;ure</Laborwert_Typ><Laborwert_Ergebnis>4.2</Laborwert_Ergebnis><Laborwert_Einheit>mg/dl</Laborwert_Einheit><Laborwert_Datum>15.01.2009</Laborwert_Datum><Laborwert_Unsicherheit_Absolut/><Laborwert_Unsicherheit_Relativ/><Laborwert_Unix_Timestamp/></Laborwert><Laborwert><Laborwert_Typ>Elektrophorese</Laborwert_Typ><Laborwert_Ergebnis>nan</Laborwert_Ergebnis><Laborwert_Einheit/><Laborwert_Datum>15.01.2009</Laborwert_Datum><Laborwert_Unsicherheit_Absolut/><Laborwert_Unsicherheit_Relativ/><Laborwert_Unix_Timestamp/></Laborwert><Laborwert><Laborwert_Typ>Eiwei&#223;, gesamt</Laborwert_Typ><Laborwert_Ergebnis>78.2</Laborwert_Ergebnis><Laborwert_Einheit>g/l</Laborwert_Einheit><Laborwert_Datum>15.01.2009</Laborwert_Datum><Laborwert_Unsicherheit_Absolut/><Laborwert_Unsicherheit_Relativ/><Laborwert_Unix_Timestamp/></Laborwert><Laborwert><Laborwert_Typ>Albumin/Elpho</Laborwert_Typ><Laborwert_Ergebnis>68.8</Laborwert_Ergebnis><Laborwert_Einheit>%</Laborwert_Einheit><Laborwert_Datum>15.01.2009</Laborwert_Datum><Laborwert_Unsicherheit_Absolut/><Laborwert_Unsicherheit_Relativ/><Laborwert_Unix_Timestamp/></Laborwert><Laborwert><Laborwert_Typ>Alpha-1</Laborwert_Typ><Laborwert_Ergebnis>2.2</Laborwert_Ergebnis><Laborwert_Einheit>%</Laborwert_Einheit><Laborwert_Datum>15.01.2009</Laborwert_Datum><Laborwert_Unsicherheit_Absolut/><Laborwert_Unsicherheit_Relativ/><Laborwert_Unix_Timestamp/></Laborwert><Laborwert><Laborwert_Typ>Alpha-2</Laborwert_Typ><Laborwert_Ergebnis>4.4</Laborwert_Ergebnis><Laborwert_Einheit>%</Laborwert_Einheit><Laborwert_Datum>15.01.2009</Laborwert_Datum><Laborwert_Unsicherheit_Absolut/><Laborwert_Unsicherheit_Relativ/><Laborwert_Unix_Timestamp/></Laborwert><Laborwert><Laborwert_Typ>Beta-Globulin</Laborwert_Typ><Laborwert_Ergebnis>10.0</Laborwert_Ergebnis><Laborwert_Einheit>%</Laborwert_Einheit><Laborwert_Datum>15.01.2009</Laborwert_Datum><Laborwert_Unsicherheit_Absolut/><Laborwert_Unsicherheit_Relativ/><Laborwert_Unix_Timestamp/></Laborwert><Laborwert><Laborwert_Typ>Gamma-Globulin</Laborwert_Typ><Laborwert_Ergebnis>14.6</Laborwert_Ergebnis><Laborwert_Einheit>%</Laborwert_Einheit><Laborwert_Datum>15.01.2009</Laborwert_Datum><Laborwert_Unsicherheit_Absolut/><Laborwert_Unsicherheit_Relativ/><Laborwert_Unix_Timestamp/></Laborwert><Laborwert><Laborwert_Typ>Kurve</Laborwert_Typ><Laborwert_Ergebnis>nan</Laborwert_Ergebnis><Laborwert_Einheit>kA</Laborwert_Einheit><Laborwert_Datum>15.01.2009</Laborwert_Datum><Laborwert_Unsicherheit_Absolut/><Laborwert_Unsicherheit_Relativ/><Laborwert_Unix_Timestamp/></Laborwert><Laborwert><Laborwert_Typ>Triglyceride</Laborwert_Typ><Laborwert_Ergebnis>160</Laborwert_Ergebnis><Laborwert_Einheit>mg/dl</Laborwert_Einheit><Laborwert_Datum>15.01.2009</Laborwert_Datum><Laborwert_Unsicherheit_Absolut/><Laborwert_Unsicherheit_Relativ/><Laborwert_Unix_Timestamp/></Laborwert><Laborwert><Laborwert_Typ>Cholesterin</Laborwert_Typ><Laborwert_Ergebnis>209</Laborwert_Ergebnis><Laborwert_Einheit>mg/dl</Laborwert_Einheit><Laborwert_Datum>15.01.2009</Laborwert_Datum><Laborwert_Unsicherheit_Absolut/><Laborwert_Unsicherheit_Relativ/><Laborwert_Unix_Timestamp/></Laborwert><Laborwert><Laborwert_Typ>Glucose</Laborwert_Typ><Laborwert_Ergebnis>77</Laborwert_Ergebnis><Laborwert_Einheit>mg/dl</Laborwert_Einheit><Laborwert_Datum>15.01.2009</Laborwert_Datum><Laborwert_Unsicherheit_Absolut/><Laborwert_Unsicherheit_Relativ/><Laborwert_Unix_Timestamp/></Laborwert><Laborwert><Laborwert_Typ>Immunglobulin-G</Laborwert_Typ><Laborwert_Ergebnis>10.4</Laborwert_Ergebnis><Laborwert_Einheit>g/l</Laborwert_Einheit><Laborwert_Datum>15.01.2009</Laborwert_Datum><Laborwert_Unsicherheit_Absolut/><Laborwert_Unsicherheit_Relativ/><Laborwert_Unix_Timestamp/></Laborwert><Laborwert><Laborwert_Typ>Immunglobulin-M</Laborwert_Typ><Laborwert_Ergebnis>1.0</Laborwert_Ergebnis><Laborwert_Einheit>g/l</Laborwert_Einheit><Laborwert_Datum>15.01.2009</Laborwert_Datum><Laborwert_Unsicherheit_Absolut/><Laborwert_Unsicherheit_Relativ/><Laborwert_Unix_Timestamp/></Laborwert><Laborwert><Laborwert_Typ>Immunglobulin-A</Laborwert_Typ><Laborwert_Ergebnis>0.54</Laborwert_Ergebnis><Laborwert_Einheit>g/l</Laborwert_Einheit><Laborwert_Datum>15.01.2009</Laborwert_Datum><Laborwert_Unsicherheit_Absolut/><Laborwert_Unsicherheit_Relativ/><Laborwert_Unix_Timestamp/></Laborwert><Laborwert><Laborwert_Typ>Blubild klein</Laborwert_Typ><Laborwert_Ergebnis>nan</Laborwert_Ergebnis><Laborwert_Einheit/><Laborwert_Datum>15.01.2009</Laborwert_Datum><Laborwert_Unsicherheit_Absolut/><Laborwert_Unsicherheit_Relativ/><Laborwert_Unix_Timestamp/></Laborwert><Laborwert><Laborwert_Typ>Leukozyten</Laborwert_Typ><Laborwert_Ergebnis>6.1</Laborwert_Ergebnis><Laborwert_Einheit>/nl</Laborwert_Einheit><Laborwert_Datum>15.01.2009</Laborwert_Datum><Laborwert_Unsicherheit_Absolut/><Laborwert_Unsicherheit_Relativ/><Laborwert_Unix_Timestamp/></Laborwert><Laborwert><Laborwert_Typ>Erythrozyten</Laborwert_Typ><Laborwert_Ergebnis>5.1</Laborwert_Ergebnis><Laborwert_Einheit>Mio/&#181;l</Laborwert_Einheit><Laborwert_Datum>15.01.2009</Laborwert_Datum><Laborwert_Unsicherheit_Absolut/><Laborwert_Unsicherheit_Relativ/><Laborwert_Unix_Timestamp/></Laborwert><Laborwert><Laborwert_Typ>Haemoglobin</Laborwert_Typ><Laborwert_Ergebnis>15.2</Laborwert_Ergebnis><Laborwert_Einheit>g/dl</Laborwert_Einheit><Laborwert_Datum>15.01.2009</Laborwert_Datum><Laborwert_Unsicherheit_Absolut/><Laborwert_Unsicherheit_Relativ/><Laborwert_Unix_Timestamp/></Laborwert><Laborwert><Laborwert_Typ>Haematokrit</Laborwert_Typ><Laborwert_Ergebnis>0.41</Laborwert_Ergebnis><Laborwert_Einheit>l/l</Laborwert_Einheit><Laborwert_Datum>15.01.2009</Laborwert_Datum><Laborwert_Unsicherheit_Absolut/><Laborwert_Unsicherheit_Relativ/><Laborwert_Unix_Timestamp/></Laborwert><Laborwert><Laborwert_Typ>MCV</Laborwert_Typ><Laborwert_Ergebnis>79.6</Laborwert_Ergebnis><Laborwert_Einheit>fL</Laborwert_Einheit><Laborwert_Datum>15.01.2009</Laborwert_Datum><Laborwert_Unsicherheit_Absolut/><Laborwert_Unsicherheit_Relativ/><Laborwert_Unix_Timestamp/></Laborwert><Laborwert><Laborwert_Typ>MCH</Laborwert_Typ><Laborwert_Ergebnis>30</Laborwert_Ergebnis><Laborwert_Einheit>pg</Laborwert_Einheit><Laborwert_Datum>15.01.2009</Laborwert_Datum><Laborwert_Unsicherheit_Absolut/><Laborwert_Unsicherheit_Relativ/><Laborwert_Unix_Timestamp/></Laborwert><Laborwert><Laborwert_Typ>MCHC</Laborwert_Typ><Laborwert_Ergebnis>37</Laborwert_Ergebnis><Laborwert_Einheit>g/dl</Laborwert_Einheit><Laborwert_Datum>15.01.2009</Laborwert_Datum><Laborwert_Unsicherheit_Absolut/><Laborwert_Unsicherheit_Relativ/><Laborwert_Unix_Timestamp/></Laborwert><Laborwert><Laborwert_Typ>Thrombozyten</Laborwert_Typ><Laborwert_Ergebnis>230</Laborwert_Ergebnis><Laborwert_Einheit>/nl</Laborwert_Einheit><Laborwert_Datum>15.01.2009</Laborwert_Datum><Laborwert_Unsicherheit_Absolut/><Laborwert_Unsicherheit_Relativ/><Laborwert_Unix_Timestamp/></Laborwert><Laborwert><Laborwert_Typ>Differential-Blutb.</Laborwert_Typ><Laborwert_Ergebnis>nan</Laborwert_Ergebnis><Laborwert_Einheit/><Laborwert_Datum>15.01.2009</Laborwert_Datum><Laborwert_Unsicherheit_Absolut/><Laborwert_Unsicherheit_Relativ/><Laborwert_Unix_Timestamp/></Laborwert><Laborwert><Laborwert_Typ>Neutrophile</Laborwert_Typ><Laborwert_Ergebnis>77</Laborwert_Ergebnis><Laborwert_Einheit>%</Laborwert_Einheit><Laborwert_Datum>15.01.2009</Laborwert_Datum><Laborwert_Unsicherheit_Absolut/><Laborwert_Unsicherheit_Relativ/><Laborwert_Unix_Timestamp/></Laborwert><Laborwert><Laborwert_Typ>Lymphozyten</Laborwert_Typ><Laborwert_Ergebnis>14</Laborwert_Ergebnis><Laborwert_Einheit>%</Laborwert_Einheit><Laborwert_Datum>15.01.2009</Laborwert_Datum><Laborwert_Unsicherheit_Absolut/><Laborwert_Unsicherheit_Relativ/><Laborwert_Unix_Timestamp/></Laborwert><Laborwert><Laborwert_Typ>Monozyten</Laborwert_Typ><Laborwert_Ergebnis>5</Laborwert_Ergebnis><Laborwert_Einheit>%</Laborwert_Einheit><Laborwert_Datum>15.01.2009</Laborwert_Datum><Laborwert_Unsicherheit_Absolut/><Laborwert_Unsicherheit_Relativ/><Laborwert_Unix_Timestamp/></Laborwert><Laborwert><Laborwert_Typ>EOS</Laborwert_Typ><Laborwert_Ergebnis>3</Laborwert_Ergebnis><Laborwert_Einheit>%</Laborwert_Einheit><Laborwert_Datum>15.01.2009</Laborwert_Datum><Laborwert_Unsicherheit_Absolut/><Laborwert_Unsicherheit_Relativ/><Laborwert_Unix_Timestamp/></Laborwert><Laborwert><Laborwert_Typ>BASO</Laborwert_Typ><Laborwert_Ergebnis>1</Laborwert_Ergebnis><Laborwert_Einheit>%</Laborwert_Einheit><Laborwert_Datum>15.01.2009</Laborwert_Datum><Laborwert_Unsicherheit_Absolut/><Laborwert_Unsicherheit_Relativ/><Laborwert_Unix_Timestamp/></Laborwert><Laborwert><Laborwert_Typ>INR</Laborwert_Typ><Laborwert_Ergebnis>1.00</Laborwert_Ergebnis><Laborwert_Einheit>kA</Laborwert_Einheit><Laborwert_Datum>15.01.2009</Laborwert_Datum><Laborwert_Unsicherheit_Absolut/><Laborwert_Unsicherheit_Relativ/><Laborwert_Unix_Timestamp/></Laborwert><Laborwert><Laborwert_Typ>Quick</Laborwert_Typ><Laborwert_Ergebnis>100</Laborwert_Ergebnis><Laborwert_Einheit>%</Laborwert_Einheit><Laborwert_Datum>15.01.2009</Laborwert_Datum><Laborwert_Unsicherheit_Absolut/><Laborwert_Unsicherheit_Relativ/><Laborwert_Unix_Timestamp/></Laborwert><Laborwert><Laborwert_Typ>PTT</Laborwert_Typ><Laborwert_Ergebnis>25</Laborwert_Ergebnis><Laborwert_Einheit>sec</Laborwert_Einheit><Laborwert_Datum>15.01.2009</Laborwert_Datum><Laborwert_Unsicherheit_Absolut/><Laborwert_Unsicherheit_Relativ/><Laborwert_Unix_Timestamp/></Laborwert><Laborwert><Laborwert_Typ>TSH</Laborwert_Typ><Laborwert_Ergebnis>1.15</Laborwert_Ergebnis><Laborwert_Einheit>&#181;U/ml</Laborwert_Einheit><Laborwert_Datum>15.01.2009</Laborwert_Datum><Laborwert_Unsicherheit_Absolut/><Laborwert_Unsicherheit_Relativ/><Laborwert_Unix_Timestamp/></Laborwert><Laborwert><Laborwert_Typ>Serum/Vollblut</Laborwert_Typ><Laborwert_Ergebnis>nan</Laborwert_Ergebnis><Laborwert_Einheit/><Laborwert_Datum>15.01.2009</Laborwert_Datum><Laborwert_Unsicherheit_Absolut/><Laborwert_Unsicherheit_Relativ/><Laborwert_Unix_Timestamp/></Laborwert><Laborwert><Laborwert_Typ>CRP (C-reaktives Protein)</Laborwert_Typ><Laborwert_Ergebnis>4.3</Laborwert_Ergebnis><Laborwert_Einheit>mg/l</Laborwert_Einheit><Laborwert_Datum>15.01.2009</Laborwert_Datum><Laborwert_Unsicherheit_Absolut/><Laborwert_Unsicherheit_Relativ/><Laborwert_Unix_Timestamp/></Laborwert><Laborwert><Laborwert_Typ>Ferritin</Laborwert_Typ><Laborwert_Ergebnis>75</Laborwert_Ergebnis><Laborwert_Einheit>&#181;g/l</Laborwert_Einheit><Laborwert_Datum>15.01.2009</Laborwert_Datum><Laborwert_Unsicherheit_Absolut/><Laborwert_Unsicherheit_Relativ/><Laborwert_Unix_Timestamp/></Laborwert><Laborwert><Laborwert_Typ>Fols&#228;ure</Laborwert_Typ><Laborwert_Ergebnis>8.3</Laborwert_Ergebnis><Laborwert_Einheit>ng/ml</Laborwert_Einheit><Laborwert_Datum>15.01.2009</Laborwert_Datum><Laborwert_Unsicherheit_Absolut/><Laborwert_Unsicherheit_Relativ/><Laborwert_Unix_Timestamp/></Laborwert><Laborwert><Laborwert_Typ>Vitamin B 12 (Cyanocobalamin)</Laborwert_Typ><Laborwert_Ergebnis>395</Laborwert_Ergebnis><Laborwert_Einheit>pg/ml</Laborwert_Einheit><Laborwert_Datum>15.01.2009</Laborwert_Datum><Laborwert_Unsicherheit_Absolut/><Laborwert_Unsicherheit_Relativ/><Laborwert_Unix_Timestamp/></Laborwert><Laborwert><Laborwert_Typ>CA 19-9 (Architect, Fa. Abbott)</Laborwert_Typ><Laborwert_Ergebnis>&lt;5</Laborwert_Ergebnis><Laborwert_Einheit>U/ml</Laborwert_Einheit><Laborwert_Datum>15.01.2009</Laborwert_Datum><Laborwert_Unsicherheit_Absolut/><Laborwert_Unsicherheit_Relativ/><Laborwert_Unix_Timestamp/></Laborwert><Laborwert><Laborwert_Typ>CEA</Laborwert_Typ><Laborwert_Ergebnis>1.4</Laborwert_Ergebnis><Laborwert_Einheit>ng/ml</Laborwert_Einheit><Laborwert_Datum>15.01.2009</Laborwert_Datum><Laborwert_Unsicherheit_Absolut/><Laborwert_Unsicherheit_Relativ/><Laborwert_Unix_Timestamp/></Laborwert><Laborwert><Laborwert_Typ>FT3 (Trijodthyronin, freies)</Laborwert_Typ><Laborwert_Ergebnis>3.2</Laborwert_Ergebnis><Laborwert_Einheit>pg/ml</Laborwert_Einheit><Laborwert_Datum>15.01.2009</Laborwert_Datum><Laborwert_Unsicherheit_Absolut/><Laborwert_Unsicherheit_Relativ/><Laborwert_Unix_Timestamp/></Laborwert><Laborwert><Laborwert_Typ>FT4 (Thyroxin, freies)</Laborwert_Typ><Laborwert_Ergebnis>1.2</Laborwert_Ergebnis><Laborwert_Einheit>ng/dl</Laborwert_Einheit><Laborwert_Datum>15.01.2009</Laborwert_Datum><Laborwert_Unsicherheit_Absolut/><Laborwert_Unsicherheit_Relativ/><Laborwert_Unix_Timestamp/></Laborwert><Laborwert><Laborwert_Typ>Haptoglobin</Laborwert_Typ><Laborwert_Ergebnis>0.97</Laborwert_Ergebnis><Laborwert_Einheit>g/l</Laborwert_Einheit><Laborwert_Datum>15.01.2009</Laborwert_Datum><Laborwert_Unsicherheit_Absolut/><Laborwert_Unsicherheit_Relativ/><Laborwert_Unix_Timestamp/></Laborwert><Laborwert><Laborwert_Typ>Immunfixation</Laborwert_Typ><Laborwert_Ergebnis>Kein Anh..</Laborwert_Ergebnis><Laborwert_Einheit/><Laborwert_Datum>15.01.2009</Laborwert_Datum><Laborwert_Unsicherheit_Absolut/><Laborwert_Unsicherheit_Relativ/><Laborwert_Unix_Timestamp/></Laborwert><Laborwert><Laborwert_Typ>Natrium</Laborwert_Typ><Laborwert_Ergebnis>138</Laborwert_Ergebnis><Laborwert_Einheit>mmol/l</Laborwert_Einheit><Laborwert_Datum>09.11.2009</Laborwert_Datum><Laborwert_Unsicherheit_Absolut/><Laborwert_Unsicherheit_Relativ/><Laborwert_Unix_Timestamp/></Laborwert><Laborwert><Laborwert_Typ>Kalium</Laborwert_Typ><Laborwert_Ergebnis>4.2</Laborwert_Ergebnis><Laborwert_Einheit>mmol/l</Laborwert_Einheit><Laborwert_Datum>09.11.2009</Laborwert_Datum><Laborwert_Unsicherheit_Absolut/><Laborwert_Unsicherheit_Relativ/><Laborwert_Unix_Timestamp/></Laborwert><Laborwert><Laborwert_Typ>Calcium</Laborwert_Typ><Laborwert_Ergebnis>2.40</Laborwert_Ergebnis><Laborwert_Einheit>mmol/l</Laborwert_Einheit><Laborwert_Datum>09.11.2009</Laborwert_Datum><Laborwert_Unsicherheit_Absolut/><Laborwert_Unsicherheit_Relativ/><Laborwert_Unix_Timestamp/></Laborwert><Laborwert><Laborwert_Typ>CK</Laborwert_Typ><Laborwert_Ergebnis>60</Laborwert_Ergebnis><Laborwert_Einheit>U/l</Laborwert_Einheit><Laborwert_Datum>09.11.2009</Laborwert_Datum><Laborwert_Unsicherheit_Absolut/><Laborwert_Unsicherheit_Relativ/><Laborwert_Unix_Timestamp/></Laborwert><Laborwert><Laborwert_Typ>GPT</Laborwert_Typ><Laborwert_Ergebnis>22</Laborwert_Ergebnis><Laborwert_Einheit>U/l</Laborwert_Einheit><Laborwert_Datum>09.11.2009</Laborwert_Datum><Laborwert_Unsicherheit_Absolut/><Laborwert_Unsicherheit_Relativ/><Laborwert_Unix_Timestamp/></Laborwert><Laborwert><Laborwert_Typ>GOT</Laborwert_Typ><Laborwert_Ergebnis>19</Laborwert_Ergebnis><Laborwert_Einheit>U/l</Laborwert_Einheit><Laborwert_Datum>09.11.2009</Laborwert_Datum><Laborwert_Unsicherheit_Absolut/><Laborwert_Unsicherheit_Relativ/><Laborwert_Unix_Timestamp/></Laborwert><Laborwert><Laborwert_Typ>Gamma-GT</Laborwert_Typ><Laborwert_Ergebnis>49</Laborwert_Ergebnis><Laborwert_Einheit>U/l</Laborwert_Einheit><Laborwert_Datum>09.11.2009</Laborwert_Datum><Laborwert_Unsicherheit_Absolut/><Laborwert_Unsicherheit_Relativ/><Laborwert_Unix_Timestamp/></Laborwert><Laborwert><Laborwert_Typ>Alk. Phosphatase (AP)</Laborwert_Typ><Laborwert_Ergebnis>81</Laborwert_Ergebnis><Laborwert_Einheit>U/l</Laborwert_Einheit><Laborwert_Datum>09.11.2009</Laborwert_Datum><Laborwert_Unsicherheit_Absolut/><Laborwert_Unsicherheit_Relativ/><Laborwert_Unix_Timestamp/></Laborwert><Laborwert><Laborwert_Typ>LDH</Laborwert_Typ><Laborwert_Ergebnis>179</Laborwert_Ergebnis><Laborwert_Einheit>U/l</Laborwert_Einheit><Laborwert_Datum>09.11.2009</Laborwert_Datum><Laborwert_Unsicherheit_Absolut/><Laborwert_Unsicherheit_Relativ/><Laborwert_Unix_Timestamp/></Laborwert><Laborwert><Laborwert_Typ>Lipase</Laborwert_Typ><Laborwert_Ergebnis>36</Laborwert_Ergebnis><Laborwert_Einheit>U/l</Laborwert_Einheit><Laborwert_Datum>09.11.2009</Laborwert_Datum><Laborwert_Unsicherheit_Absolut/><Laborwert_Unsicherheit_Relativ/><Laborwert_Unix_Timestamp/></Laborwert><Laborwert><Laborwert_Typ>Bilirubin ges.</Laborwert_Typ><Laborwert_Ergebnis>0.6</Laborwert_Ergebnis><Laborwert_Einheit>mg/dl</Laborwert_Einheit><Laborwert_Datum>09.11.2009</Laborwert_Datum><Laborwert_Unsicherheit_Absolut/><Laborwert_Unsicherheit_Relativ/><Laborwert_Unix_Timestamp/></Laborwert><Laborwert><Laborwert_Typ>Bilirubin dir.</Laborwert_Typ><Laborwert_Ergebnis>0.2</Laborwert_Ergebnis><Laborwert_Einheit>mg/dl</Laborwert_Einheit><Laborwert_Datum>09.11.2009</Laborwert_Datum><Laborwert_Unsicherheit_Absolut/><Laborwert_Unsicherheit_Relativ/><Laborwert_Unix_Timestamp/></Laborwert><Laborwert><Laborwert_Typ>Bilirubin ind.</Laborwert_Typ><Laborwert_Ergebnis>0.5</Laborwert_Ergebnis><Laborwert_Einheit>mg/dl</Laborwert_Einheit><Laborwert_Datum>09.11.2009</Laborwert_Datum><Laborwert_Unsicherheit_Absolut/><Laborwert_Unsicherheit_Relativ/><Laborwert_Unix_Timestamp/></Laborwert><Laborwert><Laborwert_Typ>Creatinin</Laborwert_Typ><Laborwert_Ergebnis>0.73</Laborwert_Ergebnis><Laborwert_Einheit>mg/dl</Laborwert_Einheit><Laborwert_Datum>09.11.2009</Laborwert_Datum><Laborwert_Unsicherheit_Absolut/><Laborwert_Unsicherheit_Relativ/><Laborwert_Unix_Timestamp/></Laborwert><Laborwert><Laborwert_Typ>Harns&#228;ure</Laborwert_Typ><Laborwert_Ergebnis>3.5</Laborwert_Ergebnis><Laborwert_Einheit>mg/dl</Laborwert_Einheit><Laborwert_Datum>09.11.2009</Laborwert_Datum><Laborwert_Unsicherheit_Absolut/><Laborwert_Unsicherheit_Relativ/><Laborwert_Unix_Timestamp/></Laborwert><Laborwert><Laborwert_Typ>Glucose</Laborwert_Typ><Laborwert_Ergebnis>74</Laborwert_Ergebnis><Laborwert_Einheit>mg/dl</Laborwert_Einheit><Laborwert_Datum>09.11.2009</Laborwert_Datum><Laborwert_Unsicherheit_Absolut/><Laborwert_Unsicherheit_Relativ/><Laborwert_Unix_Timestamp/></Laborwert><Laborwert><Laborwert_Typ>Blubild klein</Laborwert_Typ><Laborwert_Ergebnis>nan</Laborwert_Ergebnis><Laborwert_Einheit/><Laborwert_Datum>09.11.2009</Laborwert_Datum><Laborwert_Unsicherheit_Absolut/><Laborwert_Unsicherheit_Relativ/><Laborwert_Unix_Timestamp/></Laborwert><Laborwert><Laborwert_Typ>Leukozyten</Laborwert_Typ><Laborwert_Ergebnis>7.0</Laborwert_Ergebnis><Laborwert_Einheit>/nl</Laborwert_Einheit><Laborwert_Datum>09.11.2009</Laborwert_Datum><Laborwert_Unsicherheit_Absolut/><Laborwert_Unsicherheit_Relativ/><Laborwert_Unix_Timestamp/></Laborwert><Laborwert><Laborwert_Typ>Erythrozyten</Laborwert_Typ><Laborwert_Ergebnis>5.3</Laborwert_Ergebnis><Laborwert_Einheit>Mio/&#181;l</Laborwert_Einheit><Laborwert_Datum>09.11.2009</Laborwert_Datum><Laborwert_Unsicherheit_Absolut/><Laborwert_Unsicherheit_Relativ/><Laborwert_Unix_Timestamp/></Laborwert><Laborwert><Laborwert_Typ>Haemoglobin</Laborwert_Typ><Laborwert_Ergebnis>15.2</Laborwert_Ergebnis><Laborwert_Einheit>g/dl</Laborwert_Einheit><Laborwert_Datum>09.11.2009</Laborwert_Datum><Laborwert_Unsicherheit_Absolut/><Laborwert_Unsicherheit_Relativ/><Laborwert_Unix_Timestamp/></Laborwert><Laborwert><Laborwert_Typ>Haematokrit</Laborwert_Typ><Laborwert_Ergebnis>0.45</Laborwert_Ergebnis><Laborwert_Einheit>l/l</Laborwert_Einheit><Laborwert_Datum>09.11.2009</Laborwert_Datum><Laborwert_Unsicherheit_Absolut/><Laborwert_Unsicherheit_Relativ/><Laborwert_Unix_Timestamp/></Laborwert><Laborwert><Laborwert_Typ>MCV</Laborwert_Typ><Laborwert_Ergebnis>83.8</Laborwert_Ergebnis><Laborwert_Einheit>fL</Laborwert_Einheit><Laborwert_Datum>09.11.2009</Laborwert_Datum><Laborwert_Unsicherheit_Absolut/><Laborwert_Unsicherheit_Relativ/><Laborwert_Unix_Timestamp/></Laborwert><Laborwert><Laborwert_Typ>MCH</Laborwert_Typ><Laborwert_Ergebnis>29</Laborwert_Ergebnis><Laborwert_Einheit>pg</Laborwert_Einheit><Laborwert_Datum>09.11.2009</Laborwert_Datum><Laborwert_Unsicherheit_Absolut/><Laborwert_Unsicherheit_Relativ/><Laborwert_Unix_Timestamp/></Laborwert><Laborwert><Laborwert_Typ>MCHC</Laborwert_Typ><Laborwert_Ergebnis>34</Laborwert_Ergebnis><Laborwert_Einheit>g/dl</Laborwert_Einheit><Laborwert_Datum>09.11.2009</Laborwert_Datum><Laborwert_Unsicherheit_Absolut/><Laborwert_Unsicherheit_Relativ/><Laborwert_Unix_Timestamp/></Laborwert><Laborwert><Laborwert_Typ>Thrombozyten</Laborwert_Typ><Laborwert_Ergebnis>230</Laborwert_Ergebnis><Laborwert_Einheit>/nl</Laborwert_Einheit><Laborwert_Datum>09.11.2009</Laborwert_Datum><Laborwert_Unsicherheit_Absolut/><Laborwert_Unsicherheit_Relativ/><Laborwert_Unix_Timestamp/></Laborwert><Laborwert><Laborwert_Typ>Differential-Blutb.</Laborwert_Typ><Laborwert_Ergebnis>nan</Laborwert_Ergebnis><Laborwert_Einheit/><Laborwert_Datum>09.11.2009</Laborwert_Datum><Laborwert_Unsicherheit_Absolut/><Laborwert_Unsicherheit_Relativ/><Laborwert_Unix_Timestamp/></Laborwert><Laborwert><Laborwert_Typ>Neutrophile</Laborwert_Typ><Laborwert_Ergebnis>74</Laborwert_Ergebnis><Laborwert_Einheit>%</Laborwert_Einheit><Laborwert_Datum>09.11.2009</Laborwert_Datum><Laborwert_Unsicherheit_Absolut/><Laborwert_Unsicherheit_Relativ/><Laborwert_Unix_Timestamp/></Laborwert><Laborwert><Laborwert_Typ>Lymphozyten</Laborwert_Typ><Laborwert_Ergebnis>20</Laborwert_Ergebnis><Laborwert_Einheit>%</Laborwert_Einheit><Laborwert_Datum>09.11.2009</Laborwert_Datum><Laborwert_Unsicherheit_Absolut/><Laborwert_Unsicherheit_Relativ/><Laborwert_Unix_Timestamp/></Laborwert><Laborwert><Laborwert_Typ>Monozyten</Laborwert_Typ><Laborwert_Ergebnis>4</Laborwert_Ergebnis><Laborwert_Einheit>%</Laborwert_Einheit><Laborwert_Datum>09.11.2009</Laborwert_Datum><Laborwert_Unsicherheit_Absolut/><Laborwert_Unsicherheit_Relativ/><Laborwert_Unix_Timestamp/></Laborwert><Laborwert><Laborwert_Typ>EOS</Laborwert_Typ><Laborwert_Ergebnis>2</Laborwert_Ergebnis><Laborwert_Einheit>%</Laborwert_Einheit><Laborwert_Datum>09.11.2009</Laborwert_Datum><Laborwert_Unsicherheit_Absolut/><Laborwert_Unsicherheit_Relativ/><Laborwert_Unix_Timestamp/></Laborwert><Laborwert><Laborwert_Typ>BASO</Laborwert_Typ><Laborwert_Ergebnis>0</Laborwert_Ergebnis><Laborwert_Einheit>%</Laborwert_Einheit><Laborwert_Datum>09.11.2009</Laborwert_Datum><Laborwert_Unsicherheit_Absolut/><Laborwert_Unsicherheit_Relativ/><Laborwert_Unix_Timestamp/></Laborwert><Laborwert><Laborwert_Typ>CRP (C-reaktives Protein)</Laborwert_Typ><Laborwert_Ergebnis>2.6</Laborwert_Ergebnis><Laborwert_Einheit>mg/l</Laborwert_Einheit><Laborwert_Datum>09.11.2009</Laborwert_Datum><Laborwert_Unsicherheit_Absolut/><Laborwert_Unsicherheit_Relativ/><Laborwert_Unix_Timestamp/></Laborwert><Laborwert><Laborwert_Typ>Ferritin</Laborwert_Typ><Laborwert_Ergebnis>87</Laborwert_Ergebnis><Laborwert_Einheit>&#181;g/l</Laborwert_Einheit><Laborwert_Datum>09.11.2009</Laborwert_Datum><Laborwert_Unsicherheit_Absolut/><Laborwert_Unsicherheit_Relativ/><Laborwert_Unix_Timestamp/></Laborwert><Laborwert><Laborwert_Typ>Fols&#228;ure</Laborwert_Typ><Laborwert_Ergebnis>6.2</Laborwert_Ergebnis><Laborwert_Einheit>ng/ml</Laborwert_Einheit><Laborwert_Datum>09.11.2009</Laborwert_Datum><Laborwert_Unsicherheit_Absolut/><Laborwert_Unsicherheit_Relativ/><Laborwert_Unix_Timestamp/></Laborwert><Laborwert><Laborwert_Typ>Vitamin B 12 (Cyanocobalamin)</Laborwert_Typ><Laborwert_Ergebnis>460</Laborwert_Ergebnis><Laborwert_Einheit>pg/ml</Laborwert_Einheit><Laborwert_Datum>09.11.2009</Laborwert_Datum><Laborwert_Unsicherheit_Absolut/><Laborwert_Unsicherheit_Relativ/><Laborwert_Unix_Timestamp/></Laborwert><Laborwert><Laborwert_Typ>TSH</Laborwert_Typ><Laborwert_Ergebnis>1.41</Laborwert_Ergebnis><Laborwert_Einheit>&#181;U/ml</Laborwert_Einheit><Laborwert_Datum>09.11.2009</Laborwert_Datum><Laborwert_Unsicherheit_Absolut/><Laborwert_Unsicherheit_Relativ/><Laborwert_Unix_Timestamp/></Laborwert><Laborwert><Laborwert_Typ>CA 19-9 (Architect, Fa. Abbott)</Laborwert_Typ><Laborwert_Ergebnis>&lt;5</Laborwert_Ergebnis><Laborwert_Einheit>U/ml</Laborwert_Einheit><Laborwert_Datum>09.11.2009</Laborwert_Datum><Laborwert_Unsicherheit_Absolut/><Laborwert_Unsicherheit_Relativ/><Laborwert_Unix_Timestamp/></Laborwert><Laborwert><Laborwert_Typ>CEA</Laborwert_Typ><Laborwert_Ergebnis>2.1</Laborwert_Ergebnis><Laborwert_Einheit>ng/ml</Laborwert_Einheit><Laborwert_Datum>09.11.2009</Laborwert_Datum><Laborwert_Unsicherheit_Absolut/><Laborwert_Unsicherheit_Relativ/><Laborwert_Unix_Timestamp/></Laborwert><Laborwert><Laborwert_Typ>FT3 (Trijodthyronin, freies)</Laborwert_Typ><Laborwert_Ergebnis>3.3</Laborwert_Ergebnis><Laborwert_Einheit>pg/ml</Laborwert_Einheit><Laborwert_Datum>09.11.2009</Laborwert_Datum><Laborwert_Unsicherheit_Absolut/><Laborwert_Unsicherheit_Relativ/><Laborwert_Unix_Timestamp/></Laborwert><Laborwert><Laborwert_Typ>FT4 (Thyroxin, freies)</Laborwert_Typ><Laborwert_Ergebnis>1.3</Laborwert_Ergebnis><Laborwert_Einheit>ng/dl</Laborwert_Einheit><Laborwert_Datum>09.11.2009</Laborwert_Datum><Laborwert_Unsicherheit_Absolut/><Laborwert_Unsicherheit_Relativ/><Laborwert_Unix_Timestamp/></Laborwert><Laborwert><Laborwert_Typ>Haptoglobin</Laborwert_Typ><Laborwert_Ergebnis>1.03</Laborwert_Ergebnis><Laborwert_Einheit>g/l</Laborwert_Einheit><Laborwert_Datum>09.11.2009</Laborwert_Datum><Laborwert_Unsicherheit_Absolut/><Laborwert_Unsicherheit_Relativ/><Laborwert_Unix_Timestamp/></Laborwert><Laborwert><Laborwert_Typ>Immunfixation</Laborwert_Typ><Laborwert_Ergebnis>Kein Anh..</Laborwert_Ergebnis><Laborwert_Einheit/><Laborwert_Datum>09.11.2009</Laborwert_Datum><Laborwert_Unsicherheit_Absolut/><Laborwert_Unsicherheit_Relativ/><Laborwert_Unix_Timestamp/></Laborwert></Menge_Laborwert>
      <Menge_Meldung><Meldung Melder_ID="101250" Meldung_ID="PAT_11"><Meldedatum>14.10.2020</Meldedatum>
          <Meldebegruendung>V</Meldebegruendung>
          <Meldeanlass>statusmeldung</Meldeanlass>
          <Tumorzuordnung Tumor_ID="1"><Primaertumor_ICD_Code>C20</Primaertumor_ICD_Code>
            
            <Diagnosedatum>15.01.2009</Diagnosedatum>
            <Seitenlokalisation>T</Seitenlokalisation>
          </Tumorzuordnung>
          <Diagnose Tumor_ID="1"><Primaertumor_ICD_Code>C20</Primaertumor_ICD_Code>
            
            <Primaertumor_Diagnosetext>B&#246;sartige Neubildung des Rektums, G.</Primaertumor_Diagnosetext>
            
            
            
            <Diagnosedatum>15.01.2009</Diagnosedatum>
            
            
            <cTNM TNM_ID="1"><TNM_Datum>09.11.2009</TNM_Datum>
              
              
              
              
              <TNM_c_p_u_Praefix_T>p</TNM_c_p_u_Praefix_T>
              <TNM_T>T2</TNM_T>
              <TNM_c_p_u_Praefix_N>p</TNM_c_p_u_Praefix_N>
              <TNM_N>N0</TNM_N>
              <TNM_c_p_u_Praefix_M>c</TNM_c_p_u_Praefix_M>
              <TNM_M>M0</TNM_M>
              <TNM_L>L0</TNM_L>
              <TNM_V>V1</TNM_V>
              </cTNM>
            
              
              
              
              
              
            
          </Diagnose>
		</Meldung>       
      </Menge_Meldung>
    </Patient>
  </Menge_Patient>
  <Menge_Melder><Melder Melder_ID="101250"><Meldende_Stelle>101250</Meldende_Stelle>
      <Melder_KH_Abt_Station_Praxis/>
      <Melder_Arztname/>
      <Melder_Anschrift/>
      <Melder_PLZ/>
      <Melder_Ort/>
    </Melder>
  </Menge_Melder>
</ADT_GEKID>
